{
  "null": {
    "ll": [-3.14159265, -1.57079633],
    "del": [3.14159265, 1.57079633],
    "lim": [3, 3],
    "count": 9,
    "cvs": [
      [0.0, 0.0],
      [0.0, 0.0],
      [0.0, 0.0],
      [0.0, 0.0],
      [0.0, 0.0],
      [0.0, 0.0],
      [0.0, 0.0],
      [0.0, 0.0],
      [0.0, 0.0]
    ]
  }
}
